channel_name,texts,vertex_type
stranavozmojnostey,stranavozmojnostey.yaml,channel
scienpolicy,scienpolicy.yaml,channel
senezh_rsv,senezh_rsv.yaml,channel
mnm_masterskaya,mnm_masterskaya.yaml,channel
yaprofessional,yaprofessional.yaml,channel
teacheroffuture,teacheroffuture.yaml,channel
case_in,case_in.yaml,channel
onf_front,onf_front.yaml,channel
welcomecup,welcomecup.yaml,channel
hackathons_ai,hackathons_ai.yaml,channel
edstats,edstats.yaml,channel
npnauka,npnauka.yaml,channel
chancebox,chancebox.yaml,channel
rsm_official_tg,rsm_official_tg.yaml,channel
russianleaders,russianleaders.yaml,channel
knifemedia,knifemedia.yaml,channel
szhenov,szhenov.yaml,channel
government_rus,government_rus.yaml,channel
pao_polyus,pao_polyus.yaml,channel
lobachevsky_university,lobachevsky_university.yaml,channel
fefudvfu,fefudvfu.yaml,channel
volggmu_vuz,volggmu_vuz.yaml,channel
rshblife,rshblife.yaml,channel
sibfuofficial,sibfuofficial.yaml,channel
news_susu,news_susu.yaml,channel
go_moskva,go_moskva.yaml,channel
mpeiuniversity,mpeiuniversity.yaml,channel
icgsoran,icgsoran.yaml,channel
nop_rectors,nop_rectors.yaml,channel
ano_dialog,ano_dialog.yaml,channel
probrazovanie,probrazovanie.yaml,channel
kbsu1957,kbsu1957.yaml,channel
yandex,yandex.yaml,channel
maydecree,maydecree.yaml,channel
nust_misis,nust_misis.yaml,channel
gorbyrock,gorbyrock.yaml,channel
mariavladimirovnazakharova,mariavladimirovnazakharova.yaml,channel
lifepetersburg,lifepetersburg.yaml,channel
chuvsu21,chuvsu21.yaml,channel
enginethefuture,enginethefuture.yaml,channel
rector_muctr,rector_muctr.yaml,channel
zanauku,zanauku.yaml,channel
pgusha,pgusha.yaml,channel
hse_live,hse_live.yaml,channel
rosmolodez,rosmolodez.yaml,channel
urfu_ru,urfu_ru.yaml,channel
maiuniversity,maiuniversity.yaml,channel
netology_ru,netology_ru.yaml,channel
mospolytech,mospolytech.yaml,channel
efko_group,efko_group.yaml,channel
gendaieye,gendaieye.yaml,channel
alma_mater_sakhgu,alma_mater_sakhgu.yaml,channel
tomskuniversity,tomskuniversity.yaml,channel
youthpolicy,youthpolicy.yaml,channel
ggntu_official,ggntu_official.yaml,channel
careercentreitmo,careercentreitmo.yaml,channel
nesmotrite,nesmotrite.yaml,channel
rsue_rinh,rsue_rinh.yaml,channel
thevyshka,thevyshka.yaml,channel
itsmoretv,itsmoretv.yaml,channel
dtroad,dtroad.yaml,channel
polytech_petra,polytech_petra.yaml,channel
kznuniversity,kznuniversity.yaml,channel
newstpu,newstpu.yaml,channel
press_godnauki,press_godnauki.yaml,channel
minobrnaukiofficial,minobrnaukiofficial.yaml,channel
ivanovdirect,ivanovdirect.yaml,channel
csu76,csu76.yaml,channel
dstu_live,dstu_live.yaml,channel
rasofficial,rasofficial.yaml,channel
engineerup,engineerup.yaml,channel
konstyped,konstyped.yaml,channel
msuthefirst,msuthefirst.yaml,channel
mtmuseum,mtmuseum.yaml,channel
may1881,may1881.yaml,channel
stranav,stranav.yaml,channel
ssla_official,ssla_official.yaml,channel
ncfulife,ncfulife.yaml,channel
sberbank,sberbank.yaml,channel
innokadriu,innokadriu.yaml,channel
telegamera,telegamera.yaml,channel
itmolnia,itmolnia.yaml,channel
politjoystic,politjoystic.yaml,channel
scientificrussia,scientificrussia.yaml,channel
rian_ru,rian_ru.yaml,channel
russicatop,russicatop.yaml,channel
artemmetelev,artemmetelev.yaml,channel
official_mgupp,official_mgupp.yaml,channel
bluntmedia,bluntmedia.yaml,channel
dbelyakov,dbelyakov.yaml,channel
olgapetrovann,olgapetrovann.yaml,channel
go_university,go_university.yaml,channel
tv360,tv360.yaml,channel
raex_ed,raex_ed.yaml,channel
riwmoscow,riwmoscow.yaml,channel
rosseti_official,rosseti_official.yaml,channel
boilingmephi,boilingmephi.yaml,channel
russica2,russica2.yaml,channel
vakasamara,vakasamara.yaml,channel
dimsmirnov175,dimsmirnov175.yaml,channel
solovievlive,solovievlive.yaml,channel
mishin_learning,mishin_learning.yaml,channel
forklogai,forklogai.yaml,channel
parfentiev_club,parfentiev_club.yaml,channel
ykt2100,ykt2100.yaml,channel
angara18,angara18.yaml,channel
rukatehon,rukatehon.yaml,channel
vladlentatarsky,vladlentatarsky.yaml,channel
tvoyspb,tvoyspb.yaml,channel
prezident_2024,prezident_2024.yaml,channel
okkomovies,okkomovies.yaml,channel
mephicareer,mephicareer.yaml,channel
j_links,j_links.yaml,channel
breakingmash,breakingmash.yaml,channel
nuhachrus,nuhachrus.yaml,channel
greenfolder,greenfolder.yaml,channel
spbsetu,spbsetu.yaml,channel
anthro_fun,anthro_fun.yaml,channel
lastofrus,lastofrus.yaml,channel
vwordmedia,vwordmedia.yaml,channel
bmstu1830,bmstu1830.yaml,channel
posadky,posadky.yaml,channel
bigtransfer2024,bigtransfer2024.yaml,channel
sahalin_inregiontoday,sahalin_inregiontoday.yaml,channel
kremlinprachka,kremlinprachka.yaml,channel
chtede,chtede.yaml,channel
obuhovpro,obuhovpro.yaml,channel
rsf_news,rsf_news.yaml,channel
ochki_zaychki,ochki_zaychki.yaml,channel
regpol,regpol.yaml,channel
olegderipaska,olegderipaska.yaml,channel
thetltsu,thetltsu.yaml,channel
z_vorchun,z_vorchun.yaml,channel
preemnik,preemnik.yaml,channel
noctulatech,noctulatech.yaml,channel
rtvinews,rtvinews.yaml,channel
sevsu_live,sevsu_live.yaml,channel
bespirozhok,bespirozhok.yaml,channel
su2050,su2050.yaml,channel
made_in_kg,made_in_kg.yaml,channel
prokhorov11,prokhorov11.yaml,channel
voblast,voblast.yaml,channel
sarmatskiy,sarmatskiy.yaml,channel
sinelor,sinelor.yaml,channel
guber2,guber2.yaml,channel
dmitrii_sergeyevich,dmitrii_sergeyevich.yaml,channel
gubery,gubery.yaml,channel
tikandelaki,tikandelaki.yaml,channel
ostorozhno_novosti,ostorozhno_novosti.yaml,channel
kamchat0,kamchat0.yaml,channel
thebell_io,thebell_io.yaml,channel
emphasises,emphasises.yaml,channel
dwglavnoe,dwglavnoe.yaml,channel
tv360_giveawaybot,tv360_giveawaybot.yaml,channel
rianovostiamerica,rianovostiamerica.yaml,channel
polituprava,polituprava.yaml,channel
ranepa_expertise,ranepa_expertise.yaml,channel
minobrnauki,minobrnauki.yaml,channel
abbasgallyamovpolitics,abbasgallyamovpolitics.yaml,channel
vologodskoy_konvoy,vologodskoy_konvoy.yaml,channel
skolkovo_channel,skolkovo_channel.yaml,channel
segozavr,segozavr.yaml,channel
tpunews,tpunews.yaml,channel
guboprb,guboprb.yaml,channel
orex62,orex62.yaml,channel
dplatonova,dplatonova.yaml,channel
vvobanditos,vvobanditos.yaml,channel
edtrends,edtrends.yaml,channel
criminalru,criminalru.yaml,channel
volunteerhse,volunteerhse.yaml,channel
kashinguru,kashinguru.yaml,channel
holodmedia,holodmedia.yaml,channel
snomephi,snomephi.yaml,channel
benzokolonia,benzokolonia.yaml,channel
ia_rossa,ia_rossa.yaml,channel
yasno123,yasno123.yaml,channel
gre4ark,gre4ark.yaml,channel
rossotrudnichestvo,rossotrudnichestvo.yaml,channel
umoora72,umoora72.yaml,channel
tass_agency,tass_agency.yaml,channel
religiontoday,religiontoday.yaml,channel
novosibirsk_state_university,novosibirsk_state_university.yaml,channel
ausguck,ausguck.yaml,channel
terzdrsm,terzdrsm.yaml,channel
energopolee,energopolee.yaml,channel
energytodaygroup,energytodaygroup.yaml,channel
mid_russia,mid_russia.yaml,channel
staraya,staraya.yaml,channel
proboknet,proboknet.yaml,channel
uraleveryday,uraleveryday.yaml,channel
anatoly_nesmiyan,anatoly_nesmiyan.yaml,channel
uranews,uranews.yaml,channel
new_militarycolumnist,new_militarycolumnist.yaml,channel
teamnavalny,teamnavalny.yaml,channel
ckt18,ckt18.yaml,channel
gusyandrew,gusyandrew.yaml,channel
k_sladkaaya,k_sladkaaya.yaml,channel
kostromama,kostromama.yaml,channel
bloomberg4you,bloomberg4you.yaml,channel
tradinburg,tradinburg.yaml,channel
daytec,daytec.yaml,channel
ebuldinskyspez,ebuldinskyspez.yaml,channel
plekhanovuniverse,plekhanovuniverse.yaml,channel
esportsindustry,esportsindustry.yaml,channel
politolog_orlov,politolog_orlov.yaml,channel
scriptirum,scriptirum.yaml,channel
polittemnik,polittemnik.yaml,channel
skurlatovlive,skurlatovlive.yaml,channel
munpes,munpes.yaml,channel
clubrf,clubrf.yaml,channel
szfo_media,szfo_media.yaml,channel
boilingchat,boilingchat.yaml,channel
mediaveter,mediaveter.yaml,channel
bbbreaking,bbbreaking.yaml,channel
rznpolitics,rznpolitics.yaml,channel
taynaya_kantselyariya,taynaya_kantselyariya.yaml,channel
needleraw,needleraw.yaml,channel
ohotniy,ohotniy.yaml,channel
andrafanaslive,andrafanaslive.yaml,channel
bo_kanal,bo_kanal.yaml,channel
dl_stories,dl_stories.yaml,channel
kremlin_sekret,kremlin_sekret.yaml,channel
anti_navalny,anti_navalny.yaml,channel
belguber,belguber.yaml,channel
signal_ru,signal_ru.yaml,channel
daokedao,daokedao.yaml,channel
addstickers,addstickers.yaml,channel
ru_global,ru_global.yaml,channel
mpogrebinskij,mpogrebinskij.yaml,channel
backroom_whisperer,backroom_whisperer.yaml,channel
svoidanash,svoidanash.yaml,channel
dimonundmir,dimonundmir.yaml,channel
sterv38,sterv38.yaml,channel
vprorok,vprorok.yaml,channel
zemlyanushka,zemlyanushka.yaml,channel
per_i_ozv,per_i_ozv.yaml,channel
russianmacro,russianmacro.yaml,channel
medvedevvesti,medvedevvesti.yaml,channel
piter_po_lubvi,piter_po_lubvi.yaml,channel
uraldaily,uraldaily.yaml,channel
olen_nn,olen_nn.yaml,channel
bashica2,bashica2.yaml,channel
sfedu_study,sfedu_study.yaml,channel
aviatorshina,aviatorshina.yaml,channel
orel_politika,orel_politika.yaml,channel
chestnyjdetektiv,chestnyjdetektiv.yaml,channel
nebrexnya,nebrexnya.yaml,channel
mosrutop,mosrutop.yaml,channel
cynic2020,cynic2020.yaml,channel
rvssu,rvssu.yaml,channel
sashakots,sashakots.yaml,channel
octagon_ural,octagon_ural.yaml,channel
oreshkins,oreshkins.yaml,channel
sputnik_vaccine,sputnik_vaccine.yaml,channel
ntnzn,ntnzn.yaml,channel
universitetmiet,universitetmiet.yaml,channel
info_mfua,info_mfua.yaml,channel
regnum_na,regnum_na.yaml,channel
ninasudnitsina_samara,ninasudnitsina_samara.yaml,channel
informpskov,informpskov.yaml,channel
dr_alex_sosnowski,dr_alex_sosnowski.yaml,channel
gutenev_vv,gutenev_vv.yaml,channel
thegraschenkov,thegraschenkov.yaml,channel
alibaba_05,alibaba_05.yaml,channel
miptru,miptru.yaml,channel
uralscience,uralscience.yaml,channel
politgen,politgen.yaml,channel
friend_blog,friend_blog.yaml,channel
semenovcons,semenovcons.yaml,channel
rosnanoinfo,rosnanoinfo.yaml,channel
ecolog29,ecolog29.yaml,channel
vesparevenge,vesparevenge.yaml,channel
iron_feliks,iron_feliks.yaml,channel
burovaia,burovaia.yaml,channel
sputnikby,sputnikby.yaml,channel
ledorub_merkadera,ledorub_merkadera.yaml,channel
nevlastny,nevlastny.yaml,channel
obrazbuduschego2,obrazbuduschego2.yaml,channel
t34newsfeed,t34newsfeed.yaml,channel
rtvimain,rtvimain.yaml,channel
radio_sputnik,radio_sputnik.yaml,channel
germanologia,germanologia.yaml,channel
volgabrief,volgabrief.yaml,channel
wek_ru,wek_ru.yaml,channel
itsnofact,itsnofact.yaml,channel
sber_rudalle_xl_bot,sber_rudalle_xl_bot.yaml,channel
prognozyvk,prognozyvk.yaml,channel
rightcourse,rightcourse.yaml,channel
finansistrus,finansistrus.yaml,channel
madam_secretar,madam_secretar.yaml,channel
politforum,politforum.yaml,channel
dumkame,dumkame.yaml,channel
master_pera,master_pera.yaml,channel
sibcyrulik,sibcyrulik.yaml,channel
prapalitiku,prapalitiku.yaml,channel
tv360ru_bot,tv360ru_bot.yaml,channel
chitaynas,chitaynas.yaml,channel
tularegion71,tularegion71.yaml,channel
gender_gap,gender_gap.yaml,channel
sbagdasarov,sbagdasarov.yaml,channel
trash_science,trash_science.yaml,channel
vrogov,vrogov.yaml,channel
gosuslugi,gosuslugi.yaml,channel
golosrn,golosrn.yaml,channel
kstati_p,kstati_p.yaml,channel
good78news,good78news.yaml,channel
shaltaybabay,shaltaybabay.yaml,channel
bfmnews,bfmnews.yaml,channel
rt_russian,rt_russian.yaml,channel
tgrussia,tgrussia.yaml,channel
ddrobnitski,ddrobnitski.yaml,channel
tegive_bot,tegive_bot.yaml,channel
antiskrepa,antiskrepa.yaml,channel
partynewpeople,partynewpeople.yaml,channel
kuraifutlar,kuraifutlar.yaml,channel
overheard_rzn,overheard_rzn.yaml,channel
bolkunets,bolkunets.yaml,channel
topinfographic,topinfographic.yaml,channel
rudnstudentslife,rudnstudentslife.yaml,channel
samsmu,samsmu.yaml,channel
mskuratov,mskuratov.yaml,channel
khamsin_season,khamsin_season.yaml,channel
kaktovottak,kaktovottak.yaml,channel
nikonovlive,nikonovlive.yaml,channel
notdead34,notdead34.yaml,channel
vneshpol,vneshpol.yaml,channel
nur24ru,nur24ru.yaml,channel
readovkanews,readovkanews.yaml,channel
deputatdumy,deputatdumy.yaml,channel
radiogovoritmsk,radiogovoritmsk.yaml,channel
fridrihshow,fridrihshow.yaml,channel
caubabylon,caubabylon.yaml,channel
studscience,studscience.yaml,channel
news_de,news_de.yaml,channel
mediakiller,mediakiller.yaml,channel
y555142,y555142.yaml,channel
polittransit,polittransit.yaml,channel
dumayem,dumayem.yaml,channel
neshulman,neshulman.yaml,channel
bpshkola,bpshkola.yaml,channel
mintsifry,mintsifry.yaml,channel
ctrs2018,ctrs2018.yaml,channel
channel_elmurid,channel_elmurid.yaml,channel
kremlin_mother_expert,kremlin_mother_expert.yaml,channel
nedalniy_vostok,nedalniy_vostok.yaml,channel
tolk_tolk,tolk_tolk.yaml,channel
ngs24_krsk,ngs24_krsk.yaml,channel
tsurofficial,tsurofficial.yaml,channel
narrativepolitjoystic,narrativepolitjoystic.yaml,channel
bigpowernews,bigpowernews.yaml,channel
opustoshitel,opustoshitel.yaml,channel
dmuctruz,dmuctruz.yaml,channel
esportsmephi,esportsmephi.yaml,channel
hellotransfer,hellotransfer.yaml,channel
kleveta,kleveta.yaml,channel
dirtytatarstan,dirtytatarstan.yaml,channel
m5lawfirm,m5lawfirm.yaml,channel
career_in_spbstu,career_in_spbstu.yaml,channel
futurecap,futurecap.yaml,channel
tusur,tusur.yaml,channel
corruptiontv,corruptiontv.yaml,channel
protest75,protest75.yaml,channel
ohranitel,ohranitel.yaml,channel
octagonmedia,octagonmedia.yaml,channel
pnzgu,pnzgu.yaml,channel
vech_sar,vech_sar.yaml,channel
kostroma1,kostroma1.yaml,channel
kgh_moscow,kgh_moscow.yaml,channel
remeslaw,remeslaw.yaml,channel
eat_moscow,eat_moscow.yaml,channel
ai2035edu,ai2035edu.yaml,channel
plutovstvo007,plutovstvo007.yaml,channel
nongreta,nongreta.yaml,channel
enews112,enews112.yaml,channel
forbesrussia,forbesrussia.yaml,channel
ckmgupp,ckmgupp.yaml,channel
plnpskov,plnpskov.yaml,channel
dragan_covid,dragan_covid.yaml,channel
mozhemobyasnit,mozhemobyasnit.yaml,channel
prorectors,prorectors.yaml,channel
v_semenov_asha,v_semenov_asha.yaml,channel
regionalny,regionalny.yaml,channel
gopeterburg,gopeterburg.yaml,channel
platovrostov,platovrostov.yaml,channel
mephictf,mephictf.yaml,channel
northmkarel,northmkarel.yaml,channel
yuradolgoruk,yuradolgoruk.yaml,channel
redembankment,redembankment.yaml,channel
orenburg_tezisy,orenburg_tezisy.yaml,channel
sharijnett,sharijnett.yaml,channel
klizmaromantizma,klizmaromantizma.yaml,channel
bamway,bamway.yaml,channel
vchkogpu,vchkogpu.yaml,channel
danilenko_svoe,danilenko_svoe.yaml,channel
llh_778,llh_778.yaml,channel
sopkadv,sopkadv.yaml,channel
shitandsable,shitandsable.yaml,channel
nikitaodintsov,nikitaodintsov.yaml,channel
fosterpr,fosterpr.yaml,channel
tatvybory,tatvybory.yaml,channel
vizioner_rf,vizioner_rf.yaml,channel
margaritasimonyan,margaritasimonyan.yaml,channel
privet_podved,privet_podved.yaml,channel
vlagr,vlagr.yaml,channel
infantmilitario,infantmilitario.yaml,channel
politsmol11,politsmol11.yaml,channel
cfps_fu,cfps_fu.yaml,channel
daily_2med,daily_2med.yaml,channel
mediatech,mediatech.yaml,channel
studenisfak,studenisfak.yaml,channel
hantyma,hantyma.yaml,channel
tatiana_17,tatiana_17.yaml,channel
birmanalex,birmanalex.yaml,channel
mysly,mysly.yaml,channel
covid2019_official,covid2019_official.yaml,channel
neolginskie,neolginskie.yaml,channel
vgudok,vgudok.yaml,channel
sevmorput,sevmorput.yaml,channel
news_matchtv,news_matchtv.yaml,channel
laplasmephi,laplasmephi.yaml,channel
kamchatskymacho,kamchatskymacho.yaml,channel
minpromtorgrf,minpromtorgrf.yaml,channel
armenianvendetta,armenianvendetta.yaml,channel
kartezianec,kartezianec.yaml,channel
chadayevru,chadayevru.yaml,channel
suzdaltsev,suzdaltsev.yaml,channel
munscanner,munscanner.yaml,channel
governorsjew,governorsjew.yaml,channel
navalnykrd,navalnykrd.yaml,channel
aavst55,aavst55.yaml,channel
moskva_sale,moskva_sale.yaml,channel
irttek_ru,irttek_ru.yaml,channel
valentinbogdanov,valentinbogdanov.yaml,channel
caparctic,caparctic.yaml,channel
vechernii_m,vechernii_m.yaml,channel
redaltaya,redaltaya.yaml,channel
zradaperemoga,zradaperemoga.yaml,channel
moscowzoo_official,moscowzoo_official.yaml,channel
barantchik,barantchik.yaml,channel
irkdrin,irkdrin.yaml,channel
mephimath,mephimath.yaml,channel
er_molnia,er_molnia.yaml,channel
legitimniy,legitimniy.yaml,channel
metodi4ka,metodi4ka.yaml,channel
cassandrasach,cassandrasach.yaml,channel
skipetrrf,skipetrrf.yaml,channel
krom35,krom35.yaml,channel
sorok40russia,sorok40russia.yaml,channel
teplovichok,teplovichok.yaml,channel
yarmedved,yarmedved.yaml,channel
bagramyan26,bagramyan26.yaml,channel
nwsru,nwsru.yaml,channel
mdsmol,mdsmol.yaml,channel
oldhellboy,oldhellboy.yaml,channel
insiderchronicle,insiderchronicle.yaml,channel
360tv,360tv.yaml,channel
boilerroomchannel,boilerroomchannel.yaml,channel
pamfilovets,pamfilovets.yaml,channel
lentv24,lentv24.yaml,channel
pzdcofficial,pzdcofficial.yaml,channel
wisedruidd,wisedruidd.yaml,channel
kuzbassinfo,kuzbassinfo.yaml,channel
boyars7,boyars7.yaml,channel
sidpolit,sidpolit.yaml,channel
utronews,utronews.yaml,channel
riakremlinpool,riakremlinpool.yaml,channel
alexandrskurchaev,alexandrskurchaev.yaml,channel
epanchintsev,epanchintsev.yaml,channel
vladivostok1978,vladivostok1978.yaml,channel
kalmykia08,kalmykia08.yaml,channel
msutstankin,msutstankin.yaml,channel
kremlebezbashennik,kremlebezbashennik.yaml,channel
priority_2030,priority_2030.yaml,channel
vysokygovorit,vysokygovorit.yaml,channel
essiroble,essiroble.yaml,channel
individuumbooks,individuumbooks.yaml,channel
genshab,genshab.yaml,channel
sotavision,sotavision.yaml,channel
exp_fdn,exp_fdn.yaml,channel
mensurata,mensurata.yaml,channel
maester,maester.yaml,channel
icismephi,icismephi.yaml,channel
bstu_bgd,bstu_bgd.yaml,channel
vityzeva,vityzeva.yaml,channel
rudalle_emojich_bot,rudalle_emojich_bot.yaml,channel
markettwits,markettwits.yaml,channel
chesnokmedia,chesnokmedia.yaml,channel
lyandpy,lyandpy.yaml,channel
pogonygalstuky,pogonygalstuky.yaml,channel
esgtransformation,esgtransformation.yaml,channel
satirkka,satirkka.yaml,channel
mospolywork,mospolywork.yaml,channel
genprocrf,genprocrf.yaml,channel
gossluga,gossluga.yaml,channel
ivoryzoo,ivoryzoo.yaml,channel
povestkatoday,povestkatoday.yaml,channel
tgmayak,tgmayak.yaml,channel
echomskonline,echomskonline.yaml,channel
sil0viki,sil0viki.yaml,channel
mahchzo,mahchzo.yaml,channel
vinogradov74,vinogradov74.yaml,channel
nikitaizyumov2020,nikitaizyumov2020.yaml,channel
nakanuneru,nakanuneru.yaml,channel
hinshtein,hinshtein.yaml,channel
theinsider,theinsider.yaml,channel
korifeyhab,korifeyhab.yaml,channel
slatinov,slatinov.yaml,channel
stormdaily,stormdaily.yaml,channel
redacted6,redacted6.yaml,channel
dtoperativno,dtoperativno.yaml,channel
pozoviteprofessora,pozoviteprofessora.yaml,channel
karaulny_accountant,karaulny_accountant.yaml,channel
kilinkarovspiridon,kilinkarovspiridon.yaml,channel
evgenyprimakov,evgenyprimakov.yaml,channel
stranaimir,stranaimir.yaml,channel
shot_shot,shot_shot.yaml,channel
zapashnyru,zapashnyru.yaml,channel
zhirinovskylive,zhirinovskylive.yaml,channel
zvezdanews,zvezdanews.yaml,channel
leningrad_guide,leningrad_guide.yaml,channel
sputniklive,sputniklive.yaml,channel
lentadnya,lentadnya.yaml,channel
vivodynachistotu,vivodynachistotu.yaml,channel
d_code,d_code.yaml,channel
derplearning,derplearning.yaml,channel
slutsky_l,slutsky_l.yaml,channel
alexey_pushkov,alexey_pushkov.yaml,channel
radioskaner,radioskaner.yaml,channel
politadequate,politadequate.yaml,channel
buddykiton,buddykiton.yaml,channel
krskstate,krskstate.yaml,channel
dmitriysteshin,dmitriysteshin.yaml,channel
urallive,urallive.yaml,channel
stolitsarassveta,stolitsarassveta.yaml,channel
newsv1,newsv1.yaml,channel
proimport,proimport.yaml,channel
alperina,alperina.yaml,channel
zheltyeslivy,zheltyeslivy.yaml,channel
match_tv,match_tv.yaml,channel
thinktankru,thinktankru.yaml,channel
sputnikarmenia,sputnikarmenia.yaml,channel
imerelgia,imerelgia.yaml,channel
mariabutina,mariabutina.yaml,channel
radiostydoba,radiostydoba.yaml,channel
studsovetmsu,studsovetmsu.yaml,channel
hsestudlife,hsestudlife.yaml,channel
hse_library,hse_library.yaml,channel
def_model_train,def_model_train.yaml,channel
cheltodayru,cheltodayru.yaml,channel
denissexy,denissexy.yaml,channel
tsunews,tsunews.yaml,channel
spb_razborka,spb_razborka.yaml,channel
the_kyva,the_kyva.yaml,channel
zubovskiy4,zubovskiy4.yaml,channel
politjoystic_opros,politjoystic_opros.yaml,channel
fcpeshka,fcpeshka.yaml,channel
trrrum,trrrum.yaml,channel
youlistenedmayak,youlistenedmayak.yaml,channel
kinoprotebya,kinoprotebya.yaml,channel
volga_live,volga_live.yaml,channel
doninside,doninside.yaml,channel
glavmedia,glavmedia.yaml,channel
dagranovsky,dagranovsky.yaml,channel
mrakoban,mrakoban.yaml,channel
korrzak,korrzak.yaml,channel
davydovin,davydovin.yaml,channel
zimamagazine,zimamagazine.yaml,channel
nailyaaskerzade,nailyaaskerzade.yaml,channel
sibirlive,sibirlive.yaml,channel
pressmia,pressmia.yaml,channel
economizm,economizm.yaml,channel
gorgadze_shota,gorgadze_shota.yaml,channel
wciomofficial,wciomofficial.yaml,channel
truekpru,truekpru.yaml,channel
kinotvnews,kinotvnews.yaml,channel
neuroesthetica,neuroesthetica.yaml,channel
obuchenie_pro,obuchenie_pro.yaml,channel
shpakouski,shpakouski.yaml,channel
mediakailo,mediakailo.yaml,channel
socio_news,socio_news.yaml,channel
yuglive,yuglive.yaml,channel
versiaru,versiaru.yaml,channel
headlinesua,headlinesua.yaml,channel
hse_workers,hse_workers.yaml,channel
rectorsofrussia,rectorsofrussia.yaml,channel
ssc_volgmed_impulse,ssc_volgmed_impulse.yaml,channel
skabeeva,skabeeva.yaml,channel
smolyak,smolyak.yaml,channel
sportrumours,sportrumours.yaml,channel
nabludatels,nabludatels.yaml,channel
ranshevcex,ranshevcex.yaml,channel
insciencenews,insciencenews.yaml,channel
znakcom,znakcom.yaml,channel
vladimirlegoyda,vladimirlegoyda.yaml,channel
minstroyrf,minstroyrf.yaml,channel
minec_russia,minec_russia.yaml,channel
asupersharij,asupersharij.yaml,channel
delyagin,delyagin.yaml,channel
mislinemisli,mislinemisli.yaml,channel
ru_education,ru_education.yaml,channel
spbgovno,spbgovno.yaml,channel
itsalwayssunnyinmoscow,itsalwayssunnyinmoscow.yaml,channel
karaulny,karaulny.yaml,channel
fuckyouthatswhy,fuckyouthatswhy.yaml,channel
yamal_reg,yamal_reg.yaml,channel
rtrdonetsk,rtrdonetsk.yaml,channel
minsknews_by,minsknews_by.yaml,channel
nerzhavey,nerzhavey.yaml,channel
govinfo,govinfo.yaml,channel
sakhgov,sakhgov.yaml,channel
savanichi,savanichi.yaml,channel
rkadyrov_95,rkadyrov_95.yaml,channel
opri4nic,opri4nic.yaml,channel
kshulika,kshulika.yaml,channel
fiztehjoke,fiztehjoke.yaml,channel
molod_chel,molod_chel.yaml,channel
ugi_urfu,ugi_urfu.yaml,channel
asgasparyan,asgasparyan.yaml,channel
stopcoronavirusrussia,stopcoronavirusrussia.yaml,channel
diplosource,diplosource.yaml,channel
zabar1986,zabar1986.yaml,channel
molpolgd,molpolgd.yaml,channel
rakshademography,rakshademography.yaml,channel
golosmordora,golosmordora.yaml,channel
imerkouri,imerkouri.yaml,channel
moscowproc,moscowproc.yaml,channel
piterlive_vs,piterlive_vs.yaml,channel
ukr_g_m,ukr_g_m.yaml,channel
minenergo_official,minenergo_official.yaml,channel
minaevlife,minaevlife.yaml,channel
quarantinelive,quarantinelive.yaml,channel
dvinskyclub,dvinskyclub.yaml,channel
sskarnaukhov,sskarnaukhov.yaml,channel
lovedeathtransformers,lovedeathtransformers.yaml,channel
sokolovmitrich,sokolovmitrich.yaml,channel
mlart,mlart.yaml,channel
odsd_dnr,odsd_dnr.yaml,channel
zakuliska,zakuliska.yaml,channel
minzdravru,minzdravru.yaml,channel
mephi_life,mephi_life.yaml,channel
a000mp97,a000mp97.yaml,channel
moldovaelections,moldovaelections.yaml,channel
reactiv_dnr,reactiv_dnr.yaml,channel
alexnovak21,alexnovak21.yaml,channel
vorobiev_live,vorobiev_live.yaml,channel
miroshnik_r,miroshnik_r.yaml,channel
sciensday,sciensday.yaml,channel
proeconomics,proeconomics.yaml,channel
kirasazonova,kirasazonova.yaml,channel
up74ru,up74ru.yaml,channel
alter_vij,alter_vij.yaml,channel
mediavoyni,mediavoyni.yaml,channel
rostourism_official,rostourism_official.yaml,channel
nkamnev,nkamnev.yaml,channel
vzglyad_ru,vzglyad_ru.yaml,channel
real_cultras,real_cultras.yaml,channel
kornilov1968,kornilov1968.yaml,channel
oprmgupp,oprmgupp.yaml,channel
znak_ekb,znak_ekb.yaml,channel
kpotupchik,kpotupchik.yaml,channel
truevgen,truevgen.yaml,channel
scienceandlife,scienceandlife.yaml,channel
rasstrelny,rasstrelny.yaml,channel
cbrstocks,cbrstocks.yaml,channel
ntvnews,ntvnews.yaml,channel
nationalprojectsru,nationalprojectsru.yaml,channel
pervoeonline,pervoeonline.yaml,channel
zametkivolanda,zametkivolanda.yaml,channel
ontnews,ontnews.yaml,channel
clashof_thetitans,clashof_thetitans.yaml,channel
hse_official,hse_official.yaml,channel
oilfly,oilfly.yaml,channel
hsealumnichannel,hsealumnichannel.yaml,channel
a_vyshinskiy,a_vyshinskiy.yaml,channel
neimarkitlektoriy,neimarkitlektoriy.yaml,channel
romagolovanov,romagolovanov.yaml,channel
chesnakov,chesnakov.yaml,channel
pul_1,pul_1.yaml,channel
sakhalink,sakhalink.yaml,channel
rus_demiurge,rus_demiurge.yaml,channel
pridybaylo,pridybaylo.yaml,channel
infernal_money,infernal_money.yaml,channel
infocus_live,infocus_live.yaml,channel
greenserpent,greenserpent.yaml,channel
poimenno,poimenno.yaml,channel
cinemarticle,cinemarticle.yaml,channel
governmentru,governmentru.yaml,channel
izvestia,izvestia.yaml,channel
whitehousecards,whitehousecards.yaml,channel
oddr_news,oddr_news.yaml,channel
d_o_b_r_o_r_u,d_o_b_r_o_r_u.yaml,channel
n_translab,n_translab.yaml,channel
plugonews,plugonews.yaml,channel
kp_volgograd,kp_volgograd.yaml,channel
klymenkotime,klymenkotime.yaml,channel
politburodc,politburodc.yaml,channel
politburo2,politburo2.yaml,channel
zakharprilepin,zakharprilepin.yaml,channel
mospolymedia,mospolymedia.yaml,channel
mueslilavrova,mueslilavrova.yaml,channel
angry_opposum,angry_opposum.yaml,channel
sladkov_plus,sladkov_plus.yaml,channel
eduvtatarstan,eduvtatarstan.yaml,channel
mig41,mig41.yaml,channel
fiztehscience,fiztehscience.yaml,channel
vestiru24,vestiru24.yaml,channel
rogatkinlive,rogatkinlive.yaml,channel
maelgontv,maelgontv.yaml,channel
indicator_news,indicator_news.yaml,channel
komileaks,komileaks.yaml,channel
houseofcardseurope,houseofcardseurope.yaml,channel
postovo,postovo.yaml,channel
agendarussia,agendarussia.yaml,channel
stranaua,stranaua.yaml,channel
yakemenko,yakemenko.yaml,channel
asi_ru,asi_ru.yaml,channel
u_tomsk_u,u_tomsk_u.yaml,channel
rotondamedia,rotondamedia.yaml,channel
minpunch,minpunch.yaml,channel
epoddubny,epoddubny.yaml,channel
basket_sportsru,basket_sportsru.yaml,channel
lentadna,lentadna.yaml,channel
kavtoday,kavtoday.yaml,channel
kothueplet,kothueplet.yaml,channel
msimonyan,msimonyan.yaml,channel
krasovkin,krasovkin.yaml,channel
atn_btrc,atn_btrc.yaml,channel
milinfolive,milinfolive.yaml,channel
sncmag,sncmag.yaml,channel
vv_volodin,vv_volodin.yaml,channel
rentv_news,rentv_news.yaml,channel
rgrunews,rgrunews.yaml,channel
theengchan,theengchan.yaml,channel
naukauniver,naukauniver.yaml,channel
bezrec,bezrec.yaml,channel
seriesman,seriesman.yaml,channel
dtlive,dtlive.yaml,channel
novaya_pishet,novaya_pishet.yaml,channel
belarusimir,belarusimir.yaml,channel
kino_teatrru,kino_teatrru.yaml,channel
rbc_news,rbc_news.yaml,channel
premni,premni.yaml,channel
olegtsarov,olegtsarov.yaml,channel
khazinml,khazinml.yaml,channel
xfedorova,xfedorova.yaml,channel
kremlininfo,kremlininfo.yaml,channel
showgraphic,showgraphic.yaml,channel
salagai,salagai.yaml,channel
sergeykolyasnikov,sergeykolyasnikov.yaml,channel
so_ups_official,so_ups_official.yaml,channel
beckmoney,beckmoney.yaml,channel
militarymaps,militarymaps.yaml,channel
kommersant,kommersant.yaml,channel
focusmediasakhgu,focusmediasakhgu.yaml,channel
kuz_plus,kuz_plus.yaml,channel
pressamod72,pressamod72.yaml,channel
ai_newz,ai_newz.yaml,channel
infomoscow24,infomoscow24.yaml,channel
eugenejut,eugenejut.yaml,channel
block_ru,block_ru.yaml,channel
grishkafilippov,grishkafilippov.yaml,channel
zhabaigaduka,zhabaigaduka.yaml,channel
koronavirus_saratov,koronavirus_saratov.yaml,channel
piterliks,piterliks.yaml,channel
houseofcardsrussia,houseofcardsrussia.yaml,channel
newsfrontnotes,newsfrontnotes.yaml,channel
smotri_media,smotri_media.yaml,channel
meft_info,meft_info.yaml,channel
vestifmplus,vestifmplus.yaml,channel
rlz_the_kraken,rlz_the_kraken.yaml,channel
politanimalss,politanimalss.yaml,channel
banksta,banksta.yaml,channel
belta_telegramm,belta_telegramm.yaml,channel
