NODE_ID,NODE_TYPE
infernal_money,infernal_money.yaml
hoolinomics,hoolinomics.yaml
readovkanews,readovkanews.yaml
russianmustard,russianmustard.yaml
daviixblyat,daviixblyat.yaml
pdmnews,pdmnews.yaml
snowball_income,snowball_income.yaml
chtede,chtede.yaml
antifragile_trading,antifragile_trading.yaml
listva_books,listva_books.yaml
mnogonazi,mnogonazi.yaml
bloodysx,bloodysx.yaml
auantonov,auantonov.yaml
partynewpeople,partynewpeople.yaml
positive_investing,positive_investing.yaml
hkequity,hkequity.yaml
inside_vk,inside_vk.yaml
finmeme,finmeme.yaml
beregtime,beregtime.yaml
freehovan,freehovan.yaml
enews112,enews112.yaml
corruptiontv,corruptiontv.yaml
gnstr,gnstr.yaml
horoshy,horoshy.yaml
russicatop,russicatop.yaml
fatcat18,fatcat18.yaml
utronews,utronews.yaml
belaya_kaska,belaya_kaska.yaml
criminalru,criminalru.yaml
sncmag,sncmag.yaml
theinsider,theinsider.yaml
nuhachrus,nuhachrus.yaml
kleveta,kleveta.yaml
skrepka2020,skrepka2020.yaml
mgbnkvd,mgbnkvd.yaml
ruarbitr,ruarbitr.yaml
internetsmi,internetsmi.yaml
fsb_boutique,fsb_boutique.yaml
finside,finside.yaml
steven_bb,steven_bb.yaml
imnotbozhena,imnotbozhena.yaml
rumerger,rumerger.yaml
ural56ru,ural56ru.yaml
underpyar,underpyar.yaml
infobomb,infobomb.yaml
vchkogpu,vchkogpu.yaml
chetvyorka,chetvyorka.yaml
hellotransfer,hellotransfer.yaml
omnitempore,omnitempore.yaml
pzdcofficial,pzdcofficial.yaml
nadzornaya,nadzornaya.yaml
mincerchannel,mincerchannel.yaml
banksta,banksta.yaml
redacted6,redacted6.yaml
surfname,surfname.yaml
sil0viki,sil0viki.yaml
z_vorchun,z_vorchun.yaml
bespirozhok,bespirozhok.yaml
filatofff,filatofff.yaml
genshab,genshab.yaml
rybar,rybar.yaml
pasmiru,pasmiru.yaml
diamonds_dealer,diamonds_dealer.yaml
mariavladimirovnazakharova,mariavladimirovnazakharova.yaml
cfps_fu,cfps_fu.yaml
politanimalss,politanimalss.yaml
plutovstvo007,plutovstvo007.yaml
russ_orientalist,russ_orientalist.yaml
lobushkin,lobushkin.yaml
riakremlinpool,riakremlinpool.yaml
prbezposhady,prbezposhady.yaml
bronenosp,bronenosp.yaml
banksecrecy,banksecrecy.yaml
azarenok_tv,azarenok_tv.yaml
screenshottrue,screenshottrue.yaml
shot_shot,shot_shot.yaml
ushakovkprf,ushakovkprf.yaml
alekhin_telega,alekhin_telega.yaml
urd_news,urd_news.yaml
shaltaybabay,shaltaybabay.yaml
sotavision,sotavision.yaml
barristerru,barristerru.yaml
akcentynews,akcentynews.yaml
chestnyjdetektiv,chestnyjdetektiv.yaml
tripfarearea_ru,tripfarearea_ru.yaml
darkmgimo,darkmgimo.yaml
kstati_p,kstati_p.yaml
kononenkome,kononenkome.yaml
vityzeva,vityzeva.yaml
peopleuanews,peopleuanews.yaml
orenpsih,orenpsih.yaml
metlapress,metlapress.yaml
lihie_ludi,lihie_ludi.yaml
pravo_pravo,pravo_pravo.yaml
dbelyakov,dbelyakov.yaml
otdel_gazet_rnb,otdel_gazet_rnb.yaml
cottageofcards,cottageofcards.yaml
protestnarod,protestnarod.yaml
tatlerbutler,tatlerbutler.yaml
everydayproperty,everydayproperty.yaml
temablog,temablog.yaml
suzdaltsev,suzdaltsev.yaml
knistavka,knistavka.yaml
aburakova,aburakova.yaml
metodi4ka,metodi4ka.yaml
borusio,borusio.yaml
mk_ru,mk_ru.yaml
mariabutina,mariabutina.yaml
karaulny_accountant,karaulny_accountant.yaml
zhabaigaduka,zhabaigaduka.yaml
kremlinprachka,kremlinprachka.yaml
youlistenedmayak,youlistenedmayak.yaml
vkusonomika,vkusonomika.yaml
nifed_alerts,nifed_alerts.yaml
businessafrica,businessafrica.yaml
bbbreaking,bbbreaking.yaml
dirtytatarstan,dirtytatarstan.yaml
ottocazz,ottocazz.yaml
obrazbuduschego2,obrazbuduschego2.yaml
mozhemobyasnit,mozhemobyasnit.yaml
rucriminalinfo,rucriminalinfo.yaml
pontiurus,pontiurus.yaml
viveconesto,viveconesto.yaml
real_estate,real_estate.yaml
orenburg_tezisy,orenburg_tezisy.yaml
skabeeva,skabeeva.yaml
pltrk,pltrk.yaml
tinkoff_invest_official,tinkoff_invest_official.yaml
okna15,okna15.yaml
mitropolitekb,mitropolitekb.yaml
glavmediachat,glavmediachat.yaml
vivodynachistotu,vivodynachistotu.yaml
regnummoscow,regnummoscow.yaml
csegr_ru,csegr_ru.yaml
boyars7,boyars7.yaml
frequentflyers,frequentflyers.yaml
pamfilovets,pamfilovets.yaml
ausguck,ausguck.yaml
rightcourse,rightcourse.yaml
svinfin,svinfin.yaml
reutersworldchannel,reutersworldchannel.yaml
vech_sar,vech_sar.yaml
mahchzo,mahchzo.yaml
stopcoronavirusrussia,stopcoronavirusrussia.yaml
staraya,staraya.yaml
tolk_tolk,tolk_tolk.yaml
newspotreb,newspotreb.yaml
mskuratov,mskuratov.yaml
bbcrussian,bbcrussian.yaml
scriptirum,scriptirum.yaml
itsnofact,itsnofact.yaml
solovievlive,solovievlive.yaml
aviatorshina,aviatorshina.yaml
sergey_shmakov,sergey_shmakov.yaml
government_rus,government_rus.yaml
bumzanalytics,bumzanalytics.yaml
s7newsroom,s7newsroom.yaml
potnumbersix,potnumbersix.yaml
shevchenkomax_1,shevchenkomax_1.yaml
gutenev_vv,gutenev_vv.yaml
jelezobetonniyzames,jelezobetonniyzames.yaml
doveoftheworld,doveoftheworld.yaml
beelinenow,beelinenow.yaml
shakko_kitsune,shakko_kitsune.yaml
minstroyrf,minstroyrf.yaml
obkom48,obkom48.yaml
komissar4ik,komissar4ik.yaml
e1_news,e1_news.yaml
vvs_svet,vvs_svet.yaml
ekaterina_mizulina,ekaterina_mizulina.yaml
infantmilitario,infantmilitario.yaml
good78news,good78news.yaml
germanologia,germanologia.yaml
thebell_io,thebell_io.yaml
kureelka,kureelka.yaml
sysoevfm,sysoevfm.yaml
otkrytiya_ajvazovskogo_bot,otkrytiya_ajvazovskogo_bot.yaml
lysenok56,lysenok56.yaml
vitaverin,vitaverin.yaml
reo_ru,reo_ru.yaml
sarmatskiy,sarmatskiy.yaml
vysokygovorit,vysokygovorit.yaml
bhmoth,bhmoth.yaml
advokatzhorin,advokatzhorin.yaml
randentans,randentans.yaml
tatlersheroine,tatlersheroine.yaml
politbroker,politbroker.yaml
gevorgmirzaian,gevorgmirzaian.yaml
trubapodneglinnoy,trubapodneglinnoy.yaml
octagon_ural,octagon_ural.yaml
rospres,rospres.yaml
made_in_kg,made_in_kg.yaml
fashion_mur,fashion_mur.yaml
glavmedia,glavmedia.yaml
uletet2021,uletet2021.yaml
salkovmedia,salkovmedia.yaml
interfax_ru,interfax_ru.yaml
octagonmedia,octagonmedia.yaml
russianosint,russianosint.yaml
glavpolit,glavpolit.yaml
rogatkinlive,rogatkinlive.yaml
sueverdem,sueverdem.yaml
tv360,tv360.yaml
kremlebezbashennik,kremlebezbashennik.yaml
spbgs,spbgs.yaml
dumayem,dumayem.yaml
prognozyvk,prognozyvk.yaml
deputatdumy,deputatdumy.yaml
postposttruth,postposttruth.yaml
kommersant,kommersant.yaml
ob_community,ob_community.yaml
diplomatia,diplomatia.yaml
bunker_polit,bunker_polit.yaml
bigtransfer2024,bigtransfer2024.yaml
eralash_official,eralash_official.yaml
spletni_tg,spletni_tg.yaml
cherostov,cherostov.yaml
verbaspatium,verbaspatium.yaml
nebrexnya,nebrexnya.yaml
birmanalex,birmanalex.yaml
ministry_oflaw,ministry_oflaw.yaml
iamshowrunner,iamshowrunner.yaml
podumali,podumali.yaml
pul_1,pul_1.yaml
live_corr,live_corr.yaml
chesnokmedia,chesnokmedia.yaml
citeam,citeam.yaml
sex_drugs_kahlo,sex_drugs_kahlo.yaml
moscowmap,moscowmap.yaml
fontankaspb,fontankaspb.yaml
ctrs2018,ctrs2018.yaml
volgabrief,volgabrief.yaml
tvrain,tvrain.yaml
nevs_nevs,nevs_nevs.yaml
mediatech,mediatech.yaml
novostroyman,novostroyman.yaml
vv_volodin,vv_volodin.yaml
mediahabalki,mediahabalki.yaml
lastofrus,lastofrus.yaml
themoscowdailynews,themoscowdailynews.yaml
kommersantuk,kommersantuk.yaml
weartrack,weartrack.yaml
antiskrepa,antiskrepa.yaml
moscowecon,moscowecon.yaml
rentv_news,rentv_news.yaml
hinshtein,hinshtein.yaml
eshkinkrot,eshkinkrot.yaml
prigozhin_hat,prigozhin_hat.yaml
iron_feliks,iron_feliks.yaml
mashmoyka,mashmoyka.yaml
ingnewss,ingnewss.yaml
rkadyrov_95,rkadyrov_95.yaml
hitrolan,hitrolan.yaml
shmakov_media,shmakov_media.yaml
boilingmephi,boilingmephi.yaml
dvuglavyiorel,dvuglavyiorel.yaml
yuristboldyrev,yuristboldyrev.yaml
ruspress,ruspress.yaml
minpunch,minpunch.yaml
kremlin_mother_expert,kremlin_mother_expert.yaml
netgulagu,netgulagu.yaml
zona54,zona54.yaml
ssigny,ssigny.yaml
blogeroom,blogeroom.yaml
moneyandpolarfox,moneyandpolarfox.yaml
forbes_education,forbes_education.yaml
bondappetitru,bondappetitru.yaml
newsprav_da,newsprav_da.yaml
znakcom,znakcom.yaml
moscowcourts,moscowcourts.yaml
ve4ved,ve4ved.yaml
kaktovottak,kaktovottak.yaml
nexta_tv,nexta_tv.yaml
roscosmos_gk,roscosmos_gk.yaml
mafia_7ru,mafia_7ru.yaml
media_soldier,media_soldier.yaml
sneakerscourt,sneakerscourt.yaml
medvedevvesti,medvedevvesti.yaml
cbonds,cbonds.yaml
tvjihad,tvjihad.yaml
kuraifutlar,kuraifutlar.yaml
ridus_news,ridus_news.yaml
informburo_sfd,informburo_sfd.yaml
msk_5floors,msk_5floors.yaml
boilerroomchannel,boilerroomchannel.yaml
rian_ru,rian_ru.yaml
kavkaz_leakbez,kavkaz_leakbez.yaml
prrussia,prrussia.yaml
sddonbassa,sddonbassa.yaml
sheptun,sheptun.yaml
omanko,omanko.yaml
mos_news,mos_news.yaml
tkachevnl,tkachevnl.yaml
russia_and_anvil,russia_and_anvil.yaml
tass_agency,tass_agency.yaml
ria_realty,ria_realty.yaml
knightsmove,knightsmove.yaml
maester,maester.yaml
beckmoney,beckmoney.yaml
suzanne_code_jewelry,suzanne_code_jewelry.yaml
nechaev_official,nechaev_official.yaml
posadky,posadky.yaml
sidpolit,sidpolit.yaml
r_antonov,r_antonov.yaml
wwwagentsmedia,wwwagentsmedia.yaml
oreshkins,oreshkins.yaml
redshred,redshred.yaml
dtroad,dtroad.yaml
komileaks,komileaks.yaml
k_online24,k_online24.yaml
yurydud,yurydud.yaml
cynic2020,cynic2020.yaml
podled,podled.yaml
mosnow,mosnow.yaml
deptone,deptone.yaml
belta_telegramm,belta_telegramm.yaml
khamsin_season,khamsin_season.yaml
pogonygalstuky,pogonygalstuky.yaml
aviadispet4er,aviadispet4er.yaml
pasiyance,pasiyance.yaml
delovaya_spb,delovaya_spb.yaml
skipetrrf,skipetrrf.yaml
tgrussia,tgrussia.yaml
segozavr,segozavr.yaml
aavst55,aavst55.yaml
emphasises,emphasises.yaml
finansistrus,finansistrus.yaml
balkan_spy,balkan_spy.yaml
kashinguru,kashinguru.yaml
wek_ru,wek_ru.yaml
regdurdom,regdurdom.yaml
litvinovichm,litvinovichm.yaml
rosskandal,rosskandal.yaml
obrech,obrech.yaml
satirkka,satirkka.yaml
riskovik,riskovik.yaml
snimulapshu,snimulapshu.yaml
bamway,bamway.yaml
politjoystic,politjoystic.yaml
shilo_vmeshke,shilo_vmeshke.yaml
oren_news_oren,oren_news_oren.yaml
micromedia666,micromedia666.yaml
sevmorput,sevmorput.yaml
headofdeptrans,headofdeptrans.yaml
ievskiy_aleksey,ievskiy_aleksey.yaml
simple_wine_news,simple_wine_news.yaml
grubnero,grubnero.yaml
stormdaily,stormdaily.yaml
kremlin_sekret,kremlin_sekret.yaml
pravo_na_dom,pravo_na_dom.yaml
artfragment,artfragment.yaml
anthro_fun,anthro_fun.yaml
e_magic,e_magic.yaml
ateogo,ateogo.yaml
true_secator,true_secator.yaml
astramilitarum,astramilitarum.yaml
blogbankir,blogbankir.yaml
uranews,uranews.yaml
pepelclaasa,pepelclaasa.yaml
radio_sputnik,radio_sputnik.yaml
russica2,russica2.yaml
sorok40russia,sorok40russia.yaml
greenserpent,greenserpent.yaml
freehovanbot,freehovanbot.yaml
dialogiorusskoihalture,dialogiorusskoihalture.yaml
promnebez,promnebez.yaml
pravdadirty,pravdadirty.yaml
stargift_collection,stargift_collection.yaml
legitimniy,legitimniy.yaml
vladlentatarsky,vladlentatarsky.yaml
andrafanaslive,andrafanaslive.yaml
impoteha,impoteha.yaml
zaitsev24,zaitsev24.yaml
rbordunov,rbordunov.yaml
dimsmirnov175,dimsmirnov175.yaml
narrativepolitjoystic,narrativepolitjoystic.yaml
rusukrbel,rusukrbel.yaml
mkbelarus,mkbelarus.yaml
interfaxonline,interfaxonline.yaml
kojournal,kojournal.yaml
rasstriga,rasstriga.yaml
selectel,selectel.yaml
rt_russian,rt_russian.yaml
sberinvestments,sberinvestments.yaml
ostorozhno_novosti,ostorozhno_novosti.yaml
metroelectrotranskzn,metroelectrotranskzn.yaml
uraleveryday,uraleveryday.yaml
voenacher,voenacher.yaml
vehernij_habarovsk,vehernij_habarovsk.yaml
yxyeli,yxyeli.yaml
rightatlant,rightatlant.yaml
new_militarycolumnist,new_militarycolumnist.yaml
oko_ok,oko_ok.yaml
karaulny,karaulny.yaml
contora_pishet,contora_pishet.yaml
gubery,gubery.yaml
munscanner,munscanner.yaml
eto_artemka,eto_artemka.yaml
dragan_covid,dragan_covid.yaml
chernaya100konsultant,chernaya100konsultant.yaml
pchikov,pchikov.yaml
mid_russia,mid_russia.yaml
gazetaru,gazetaru.yaml
marketoverview,marketoverview.yaml
riakatysha,riakatysha.yaml
injenerru,injenerru.yaml
cash_in_tablic,cash_in_tablic.yaml
ok_newyear_bot,ok_newyear_bot.yaml
talesfromkreml,talesfromkreml.yaml
erzrf,erzrf.yaml
realestatefuel,realestatefuel.yaml
politgen,politgen.yaml
protiktok,protiktok.yaml
dnobangui,dnobangui.yaml
greenfolder,greenfolder.yaml
news_74ru,news_74ru.yaml
oabch,oabch.yaml
matveevkomment,matveevkomment.yaml
marinaslovo,marinaslovo.yaml
cian_realtor,cian_realtor.yaml
mediakiller,mediakiller.yaml
hedonistcats,hedonistcats.yaml
moscowzoo_official,moscowzoo_official.yaml
novaya_pishet,novaya_pishet.yaml
neopra_blin,neopra_blin.yaml
juliakablinova,juliakablinova.yaml
nakanuneru,nakanuneru.yaml
bozhenabozhenabozhena,bozhenabozhenabozhena.yaml
breakingmash,breakingmash.yaml
wisedruidd,wisedruidd.yaml
svoidanash,svoidanash.yaml
zola_of_renovation,zola_of_renovation.yaml
wine_time_moscow,wine_time_moscow.yaml
official_moscow,official_moscow.yaml
alfawealth,alfawealth.yaml
bazabazon,bazabazon.yaml
veraafanasyeva,veraafanasyeva.yaml
mos_stroi,mos_stroi.yaml
vechernii_m,vechernii_m.yaml
maydecree,maydecree.yaml
rbc_news,rbc_news.yaml
bogemasranaya,bogemasranaya.yaml
polittemnik,polittemnik.yaml
kremlevskiysosed,kremlevskiysosed.yaml
serpompo,serpompo.yaml
hasansofan,hasansofan.yaml
tikandelaki,tikandelaki.yaml
vtbmyinvestments,vtbmyinvestments.yaml
ostorozhno_podcasts,ostorozhno_podcasts.yaml
hard_blog_line,hard_blog_line.yaml
black8mirror,black8mirror.yaml
ia_panorama,ia_panorama.yaml
ateobreaking,ateobreaking.yaml
huzhegebbelsa,huzhegebbelsa.yaml
roszakupki,roszakupki.yaml
sashakots,sashakots.yaml
jeweldigest,jeweldigest.yaml
rtvimain,rtvimain.yaml
hsepress,hsepress.yaml
politteh,politteh.yaml
afric_ylbibka,afric_ylbibka.yaml
nationkurs,nationkurs.yaml
babr24,babr24.yaml
orengorodovoy,orengorodovoy.yaml
politolog_orlov,politolog_orlov.yaml
preemnik,preemnik.yaml
neolginskie,neolginskie.yaml
rtvinews,rtvinews.yaml
postnewsru,postnewsru.yaml
vklader,vklader.yaml
v_tuapse,v_tuapse.yaml
terzdrsm,terzdrsm.yaml
zvezdanews,zvezdanews.yaml
zapiski_na_chekah,zapiski_na_chekah.yaml
vibornyk,vibornyk.yaml
intax_insider,intax_insider.yaml
llh_778,llh_778.yaml
nedvizha,nedvizha.yaml
mayday_7700,mayday_7700.yaml
kuzbassinfo,kuzbassinfo.yaml
silapomorya,silapomorya.yaml
ourpravdorub,ourpravdorub.yaml
istrkalkglk,istrkalkglk.yaml
chernaya100kitchen,chernaya100kitchen.yaml
buzblog,buzblog.yaml
governorsjew,governorsjew.yaml
proimport,proimport.yaml
petritskogo13,petritskogo13.yaml
alibaba_05,alibaba_05.yaml
margaritasimonyan,margaritasimonyan.yaml
dmitrygudkov,dmitrygudkov.yaml
petren_ko,petren_ko.yaml
orenburg2020,orenburg2020.yaml
gizhi,gizhi.yaml
fcpeshka,fcpeshka.yaml
vyvorot,vyvorot.yaml
markettwits,markettwits.yaml
utvoren,utvoren.yaml
davydovin,davydovin.yaml
xsanul,xsanul.yaml
zimamagazine,zimamagazine.yaml
nailyaaskerzade,nailyaaskerzade.yaml
sovinformbureau,sovinformbureau.yaml
telestrim,telestrim.yaml
polituprava,polituprava.yaml
kurskayatelega,kurskayatelega.yaml
currenttime,currenttime.yaml
kramnikcat,kramnikcat.yaml
agregatpolit,agregatpolit.yaml
dossiercenter,dossiercenter.yaml
police_2020,police_2020.yaml
politforum,politforum.yaml
socio_news,socio_news.yaml
versiaru,versiaru.yaml
headlinesua,headlinesua.yaml
hard_trade,hard_trade.yaml
sputnikipogrom,sputnikipogrom.yaml
radiogram_ru,radiogram_ru.yaml
sportrumours,sportrumours.yaml
ranshevcex,ranshevcex.yaml
bolkunets,bolkunets.yaml
grey_zone,grey_zone.yaml
spbgovno,spbgovno.yaml
smartlabnews,smartlabnews.yaml
yvessaintstazhor,yvessaintstazhor.yaml
ntnzn,ntnzn.yaml
podkoverka,podkoverka.yaml
market_hand,market_hand.yaml
federalcity,federalcity.yaml
ezhovs,ezhovs.yaml
finamalert,finamalert.yaml
beloedelo,beloedelo.yaml
sonofmonarchy,sonofmonarchy.yaml
oleg_blokhin,oleg_blokhin.yaml
kshulika,kshulika.yaml
tlgrm_management,tlgrm_management.yaml
lentachold,lentachold.yaml
archivarius_dz,archivarius_dz.yaml
go338,go338.yaml
ob_pravosvoboda,ob_pravosvoboda.yaml
remeslaw,remeslaw.yaml
alekhin_pravdorub,alekhin_pravdorub.yaml
rakshademography,rakshademography.yaml
stroika_glavnoe,stroika_glavnoe.yaml
stroi_mos_ru,stroi_mos_ru.yaml
dvinskyclub,dvinskyclub.yaml
minaevlife,minaevlife.yaml
t34newsfeed,t34newsfeed.yaml
olen_nn,olen_nn.yaml
montyan,montyan.yaml
mysly,mysly.yaml
chistotitle,chistotitle.yaml
superru,superru.yaml
sale_caviar,sale_caviar.yaml
goodmorningkarl,goodmorningkarl.yaml
bitkogan,bitkogan.yaml
mediavoyni,mediavoyni.yaml
hello_galochka,hello_galochka.yaml
nkamnev,nkamnev.yaml
insiderchronicle,insiderchronicle.yaml
gruz0potok,gruz0potok.yaml
vgudok,vgudok.yaml
aleksandr_skif,aleksandr_skif.yaml
smfanton,smfanton.yaml
kpotupchik,kpotupchik.yaml
marketdumki,marketdumki.yaml
pravozashita51,pravozashita51.yaml
norin_ea,norin_ea.yaml
cbrstocks,cbrstocks.yaml
litreevsays,litreevsays.yaml
rostov_compro,rostov_compro.yaml
pervoeonline,pervoeonline.yaml
angara18,angara18.yaml
ya_i_bal_full,ya_i_bal_full.yaml
goldchihuahua,goldchihuahua.yaml
vakasamara,vakasamara.yaml
smety,smety.yaml
infocus_live,infocus_live.yaml
pesetcetera,pesetcetera.yaml
history_of_the_empire_russia,history_of_the_empire_russia.yaml
teleskopby,teleskopby.yaml
ia_steklomoy,ia_steklomoy.yaml
navalny,navalny.yaml
daydaynews,daydaynews.yaml
ssignl,ssignl.yaml
sladkov_plus,sladkov_plus.yaml
mig41,mig41.yaml
eduvtatarstan,eduvtatarstan.yaml
generalsvr,generalsvr.yaml
krispotupchik,krispotupchik.yaml
trust_collectors,trust_collectors.yaml
nedalniy_vostok,nedalniy_vostok.yaml
forbesrussia,forbesrussia.yaml
postovo,postovo.yaml
positive_technologies,positive_technologies.yaml
epoddubny,epoddubny.yaml
kolezev,kolezev.yaml
life90x,life90x.yaml
prigovorchiki,prigovorchiki.yaml
itsreallynot,itsreallynot.yaml
potokchannel,potokchannel.yaml
premni,premni.yaml
gornadzor,gornadzor.yaml
oprichniks,oprichniks.yaml
khazinml,khazinml.yaml
fio100,fio100.yaml
fbchu,fbchu.yaml
politnavigator,politnavigator.yaml
echomskonline,echomskonline.yaml
compromatru,compromatru.yaml
mariianel,mariianel.yaml
deti_vojny,deti_vojny.yaml
businesssecrets,businesssecrets.yaml
domostroy_channel,domostroy_channel.yaml
zlayakiska,zlayakiska.yaml
argumentik,argumentik.yaml
chanelpeskova,chanelpeskova.yaml
cozyverdict,cozyverdict.yaml
dwglavnoe,dwglavnoe.yaml
kazachiydozor,kazachiydozor.yaml
papagaz,papagaz.yaml
nologica,nologica.yaml
aladinhabr,aladinhabr.yaml
podmoskvi4,podmoskvi4.yaml
fsbryazan,fsbryazan.yaml
