nick,texts,vertex_type
cesarrmzmtz8,cesarrmzmtz8.yaml,person
mrmrmot,mrmrmot.yaml,person
SancoPansa5,SancoPansa5.yaml,person
armandoastudill,armandoastudill.yaml,person
Johann72F,Johann72F.yaml,person
carolinawidmann,carolinawidmann.yaml,person
AntonioBruno0,AntonioBruno0.yaml,person
wjgs,wjgs.yaml,person
Russ_Warrior,Russ_Warrior.yaml,person
alitapaz,alitapaz.yaml,person
Danilamirk,Danilamirk.yaml,person
Akan86kshA,Akan86kshA.yaml,person
GiuseppeCultre6,GiuseppeCultre6.yaml,person
AgerGastn,AgerGastn.yaml,person
martynuren,martynuren.yaml,person
bill_bookersbay,bill_bookersbay.yaml,person
Michael57942547,Michael57942547.yaml,person
Isham_Ali23,Isham_Ali23.yaml,person
WordsByFrank,WordsByFrank.yaml,person
Sirius_st,Sirius_st.yaml,person
mercedescanese,mercedescanese.yaml,person
johnhhaskell,johnhhaskell.yaml,person
Ronnykorb2,Ronnykorb2.yaml,person
Lserik1,Lserik1.yaml,person
devletyargi31,devletyargi31.yaml,person
Anna57544519,Anna57544519.yaml,person
siavashkhosravi,siavashkhosravi.yaml,person
JGEHP,JGEHP.yaml,person
gorebyxx,gorebyxx.yaml,person
Elis77445496,Elis77445496.yaml,person
roma1280,roma1280.yaml,person
erveza,erveza.yaml,person
wotuupto,wotuupto.yaml,person
FMontespan,FMontespan.yaml,person
MehDBP,MehDBP.yaml,person
kimarauzg,kimarauzg.yaml,person
Carlitoons,Carlitoons.yaml,person
vdifiore,vdifiore.yaml,person
emmaschuetz,emmaschuetz.yaml,person
Daivd27652738,Daivd27652738.yaml,person
Gabor_Ever,Gabor_Ever.yaml,person
wgoobar,wgoobar.yaml,person
ADRIANSYSNET,ADRIANSYSNET.yaml,person
HornetBee2,HornetBee2.yaml,person
danielkaddour,danielkaddour.yaml,person
jorgrandinetti,jorgrandinetti.yaml,person
Greta_Romario,Greta_Romario.yaml,person
PulgosoEl,PulgosoEl.yaml,person
lema_de_zorn,lema_de_zorn.yaml,person
DanielAmando,DanielAmando.yaml,person
Mo19791122,Mo19791122.yaml,person
Ken04989139,Ken04989139.yaml,person
ivan_voichenko,ivan_voichenko.yaml,person
fer1769,fer1769.yaml,person
GarryMurphy2,GarryMurphy2.yaml,person
gFuHCjJcp6rwHNh,gFuHCjJcp6rwHNh.yaml,person
ServiciosPrensa,ServiciosPrensa.yaml,person
Angelzimbron,Angelzimbron.yaml,person
typicalrussian3,typicalrussian3.yaml,person
aguila_valiente,aguila_valiente.yaml,person
eurorabbit,eurorabbit.yaml,person
yatsensun,yatsensun.yaml,person
koslov101,koslov101.yaml,person
BozinovicMilan,BozinovicMilan.yaml,person
Carol_Simson,Carol_Simson.yaml,person
Irina_G_Eremina,Irina_G_Eremina.yaml,person
YWN85,YWN85.yaml,person
artu_nuvit,artu_nuvit.yaml,person
Brusselsness,Brusselsness.yaml,person
filippopovic411,filippopovic411.yaml,person
dyymeh,dyymeh.yaml,person
azizz89,azizz89.yaml,person
NarraidooRowen,NarraidooRowen.yaml,person
electfrahughes,electfrahughes.yaml,person
noegur,noegur.yaml,person
marianasalem11,marianasalem11.yaml,person
hxdthegreat,hxdthegreat.yaml,person
Kelkian,Kelkian.yaml,person
oscar_anonymous,oscar_anonymous.yaml,person
HMSmariano,HMSmariano.yaml,person
boscogonc,boscogonc.yaml,person
phatquanamhoa,phatquanamhoa.yaml,person
Joof33547847,Joof33547847.yaml,person
Erik34461467,Erik34461467.yaml,person
caigentan100313,caigentan100313.yaml,person
conandroid,conandroid.yaml,person
DulceIsabel_,DulceIsabel_.yaml,person
SanFanki,SanFanki.yaml,person
beltza13,beltza13.yaml,person
ruguineig,ruguineig.yaml,person
01_GoodSUN,01_GoodSUN.yaml,person
Soffotcka,Soffotcka.yaml,person
CaraveoBertha,CaraveoBertha.yaml,person
zhangfa04696241,zhangfa04696241.yaml,person
vienya,vienya.yaml,person
jaimecontrerast,jaimecontrerast.yaml,person
DanRodriguez_pe,DanRodriguez_pe.yaml,person
pamemar1,pamemar1.yaml,person
NourZaher77,NourZaher77.yaml,person
ufkjxrfvjz,ufkjxrfvjz.yaml,person
Kualy2014,Kualy2014.yaml,person
Zane16996000,Zane16996000.yaml,person
fenix1977,fenix1977.yaml,person
raga_ka_baap,raga_ka_baap.yaml,person
AnfiFurnkranz,AnfiFurnkranz.yaml,person
ed6692,ed6692.yaml,person
TerryJeo,TerryJeo.yaml,person
Fernans4,Fernans4.yaml,person
Edfladrs,Edfladrs.yaml,person
LRCBrown,LRCBrown.yaml,person
Jdrk19,Jdrk19.yaml,person
lauradelialuque,lauradelialuque.yaml,person
IsbelioAcosta,IsbelioAcosta.yaml,person
caricuao72,caricuao72.yaml,person
frankamer1,frankamer1.yaml,person
Elijah12483957,Elijah12483957.yaml,person
natomedia,natomedia.yaml,person
beyondborders,beyondborders.yaml,person
Ragnar85475616,Ragnar85475616.yaml,person
Ondrej_Chlup,Ondrej_Chlup.yaml,person
vipintukur,vipintukur.yaml,person
RosarioGerman60,RosarioGerman60.yaml,person
Sveta_Kostikova,Sveta_Kostikova.yaml,person
LULA6385,LULA6385.yaml,person
RosaLulaBrasil,RosaLulaBrasil.yaml,person
piers_allan,piers_allan.yaml,person
svasil,svasil.yaml,person
SputnikV___,SputnikV___.yaml,person
tcabarrus,tcabarrus.yaml,person
JorgeDiaz60,JorgeDiaz60.yaml,person
AlexAlvacarreno,AlexAlvacarreno.yaml,person
EduardoVazque12,EduardoVazque12.yaml,person
Santicabjpm,Santicabjpm.yaml,person
Susana8210,Susana8210.yaml,person
dtcb67,dtcb67.yaml,person
PenaKLK,PenaKLK.yaml,person
danielarvizu3,danielarvizu3.yaml,person
DorganG,DorganG.yaml,person
Elle20201,Elle20201.yaml,person
IgnacioRabelo,IgnacioRabelo.yaml,person
THAKUR__SHAH,THAKUR__SHAH.yaml,person
PasinduKushan,PasinduKushan.yaml,person
JulienCirhuza,JulienCirhuza.yaml,person
carsat1972,carsat1972.yaml,person
sjvande1,sjvande1.yaml,person
WhenstonedC,WhenstonedC.yaml,person
Jasper_Nuyens,Jasper_Nuyens.yaml,person
Sophia_70600,Sophia_70600.yaml,person
LupinaCLVZ,LupinaCLVZ.yaml,person
schurik77799,schurik77799.yaml,person
advokat_romanov,advokat_romanov.yaml,person
Dapoch4,Dapoch4.yaml,person
RamiroBlacha,RamiroBlacha.yaml,person
HUMANBEINGONE,HUMANBEINGONE.yaml,person
qiguan_qiguan,qiguan_qiguan.yaml,person
OnlyWongs,OnlyWongs.yaml,person
1111011011l,1111011011l.yaml,person
iTiago0_0,iTiago0_0.yaml,person
brainzine,brainzine.yaml,person
somsok5412,somsok5412.yaml,person
Rey0669,Rey0669.yaml,person
Yurimagua19,Yurimagua19.yaml,person
rdahuss,rdahuss.yaml,person
stungoddess,stungoddess.yaml,person
alejofernandezb,alejofernandezb.yaml,person
SayedAkramQadir,SayedAkramQadir.yaml,person
MichaelBuratovi,MichaelBuratovi.yaml,person
Gustavo95772104,Gustavo95772104.yaml,person
Greenlantern777,Greenlantern777.yaml,person
ZelninaLarisa,ZelninaLarisa.yaml,person
aerdnaert,aerdnaert.yaml,person
roberwarrior,roberwarrior.yaml,person
rad1011,rad1011.yaml,person
lechien82,lechien82.yaml,person
lujewwy,lujewwy.yaml,person
N_Komleva,N_Komleva.yaml,person
CristinDavidMe1,CristinDavidMe1.yaml,person
chrismagona,chrismagona.yaml,person
Tricera,Tricera.yaml,person
Marileeh7,Marileeh7.yaml,person
DonJoseGR,DonJoseGR.yaml,person
gillies_robert,gillies_robert.yaml,person
Gledalac1,Gledalac1.yaml,person
OnkelDimi,OnkelDimi.yaml,person
pitukpongpreech,pitukpongpreech.yaml,person
PieterBotha12,PieterBotha12.yaml,person
CzarGnzz,CzarGnzz.yaml,person
kenhiro14,kenhiro14.yaml,person
arminhg,arminhg.yaml,person
MelanieGutacht1,MelanieGutacht1.yaml,person
bmikha_il,bmikha_il.yaml,person
Debenedetti0,Debenedetti0.yaml,person
zambra74,zambra74.yaml,person
RakanTheSatan,RakanTheSatan.yaml,person
normi_cabre,normi_cabre.yaml,person
iamy93,iamy93.yaml,person
raq_mag,raq_mag.yaml,person
salgadohugo1,salgadohugo1.yaml,person
farawayfrome,farawayfrome.yaml,person
Eraxite1,Eraxite1.yaml,person
AlmaDelaSierra1,AlmaDelaSierra1.yaml,person
AjoOliva,AjoOliva.yaml,person
MarinaGianluca,MarinaGianluca.yaml,person
ehperezlo,ehperezlo.yaml,person
Nora54221598,Nora54221598.yaml,person
vivelaf93147148,vivelaf93147148.yaml,person
jain_jugnu,jain_jugnu.yaml,person
RamiroCast_,RamiroCast_.yaml,person
TBreassealeDHS,TBreassealeDHS.yaml,person
eagle_mist,eagle_mist.yaml,person
freedommooon,freedommooon.yaml,person
indiamei,indiamei.yaml,person
lruiztrullols,lruiztrullols.yaml,person
JaimeArreola5,JaimeArreola5.yaml,person
G47Mil,G47Mil.yaml,person
lodoyyeso,lodoyyeso.yaml,person
AzrapkinV,AzrapkinV.yaml,person
MarcoWetering,MarcoWetering.yaml,person
Abc13313156,Abc13313156.yaml,person
sitizen_toxi,sitizen_toxi.yaml,person
Rahim_Rugoba,Rahim_Rugoba.yaml,person
Zeupanne,Zeupanne.yaml,person
kavkazsvetlo6r1,kavkazsvetlo6r1.yaml,person
joandeg2001,joandeg2001.yaml,person
aepmaia,aepmaia.yaml,person
aelshof2,aelshof2.yaml,person
Fior000,Fior000.yaml,person
WayneH87,WayneH87.yaml,person
dharma2802,dharma2802.yaml,person
josegilcas,josegilcas.yaml,person
floopyomg,floopyomg.yaml,person
CianGaia,CianGaia.yaml,person
GonzaalezCamilo,GonzaalezCamilo.yaml,person
12358thirteen,12358thirteen.yaml,person
MinetteJohnson,MinetteJohnson.yaml,person
FedeBlancoBont1,FedeBlancoBont1.yaml,person
HanlieI,HanlieI.yaml,person
HHMARTINL,HHMARTINL.yaml,person
CiroAlbertoK1,CiroAlbertoK1.yaml,person
Paolexpos,Paolexpos.yaml,person
rubenvike,rubenvike.yaml,person
kancarol2021,kancarol2021.yaml,person
RGigi61,RGigi61.yaml,person
ignacio_ory,ignacio_ory.yaml,person
AzouzYasser,AzouzYasser.yaml,person
DALQUILERSVQ,DALQUILERSVQ.yaml,person
amdgamez,amdgamez.yaml,person
fnajeraoficial1,fnajeraoficial1.yaml,person
hurtis_javier,hurtis_javier.yaml,person
history_self,history_self.yaml,person
LiLi80257229,LiLi80257229.yaml,person
AsaturD,AsaturD.yaml,person
VZGb5mpibRkB9y4,VZGb5mpibRkB9y4.yaml,person
arvanegas,arvanegas.yaml,person
wayne45541,wayne45541.yaml,person
nnsEschebach,nnsEschebach.yaml,person
berlinaffaires,berlinaffaires.yaml,person
EdgarEstradaGlz,EdgarEstradaGlz.yaml,person
EdgarLozanoVar1,EdgarLozanoVar1.yaml,person
dante19,dante19.yaml,person
Hector12080461,Hector12080461.yaml,person
lucma66,lucma66.yaml,person
SALAHBNMR,SALAHBNMR.yaml,person
ArunMukherjee1,ArunMukherjee1.yaml,person
alejmri,alejmri.yaml,person
andrezurdita,andrezurdita.yaml,person
Loupo85,Loupo85.yaml,person
Fco_Parker,Fco_Parker.yaml,person
aluca2005_i,aluca2005_i.yaml,person
purewilayah,purewilayah.yaml,person
kinterano_2020,kinterano_2020.yaml,person
chico_popli,chico_popli.yaml,person
lee_liberal,lee_liberal.yaml,person
cabezaDeLek,cabezaDeLek.yaml,person
NGLDSTX3,NGLDSTX3.yaml,person
Kwaad03357532,Kwaad03357532.yaml,person
Can95105043,Can95105043.yaml,person
VukolovNikolay,VukolovNikolay.yaml,person
sandycarrillodg,sandycarrillodg.yaml,person
FelixRR1988,FelixRR1988.yaml,person
Emerald007007,Emerald007007.yaml,person
edmundodary,edmundodary.yaml,person
WkCLpIjuu4byNU1,WkCLpIjuu4byNU1.yaml,person
ASadziux,ASadziux.yaml,person
lmnysf,lmnysf.yaml,person
RayJ07175724,RayJ07175724.yaml,person
mnogodene,mnogodene.yaml,person
ura_henrique,ura_henrique.yaml,person
Twilightus,Twilightus.yaml,person
Tess1462,Tess1462.yaml,person
visoka0605,visoka0605.yaml,person
pericBL,pericBL.yaml,person
SPARTAK19801,SPARTAK19801.yaml,person
Mick_S_R,Mick_S_R.yaml,person
Eldhothomas_,Eldhothomas_.yaml,person
EliasChecco,EliasChecco.yaml,person
baneemmi,baneemmi.yaml,person
VozconEco,VozconEco.yaml,person
jornalistavitor,jornalistavitor.yaml,person
Plagiste4you,Plagiste4you.yaml,person
lebaronnoir9,lebaronnoir9.yaml,person
RamonArosemena5,RamonArosemena5.yaml,person
YangWestlake20,YangWestlake20.yaml,person
Saguilar99,Saguilar99.yaml,person
Soscomputercali,Soscomputercali.yaml,person
pepetonofc,pepetonofc.yaml,person
iJuanMartinez,iJuanMartinez.yaml,person
Javier48622961,Javier48622961.yaml,person
petaxli,petaxli.yaml,person
caedse,caedse.yaml,person
VasconLuis,VasconLuis.yaml,person
drkamalfollow,drkamalfollow.yaml,person
NOEMIMARIANA1,NOEMIMARIANA1.yaml,person
fandesport74,fandesport74.yaml,person
do_irma,do_irma.yaml,person
hajdukovic,hajdukovic.yaml,person
Rafael41603219,Rafael41603219.yaml,person
PheoWel,PheoWel.yaml,person
AI3OVR5qYZiZSco,AI3OVR5qYZiZSco.yaml,person
NotanExpert9,NotanExpert9.yaml,person
fizzgoneflat,fizzgoneflat.yaml,person
Soda_Pop_inski,Soda_Pop_inski.yaml,person
lukekolifa,lukekolifa.yaml,person
SarahPriceUK,SarahPriceUK.yaml,person
marthaeugenia67,marthaeugenia67.yaml,person
SamoielJ,SamoielJ.yaml,person
seja_tiradentes,seja_tiradentes.yaml,person
itsalldonebabe,itsalldonebabe.yaml,person
JuanitaJaramill,JuanitaJaramill.yaml,person
JuniorMarrone,JuniorMarrone.yaml,person
ALBERTOSEVERIN7,ALBERTOSEVERIN7.yaml,person
a_sheereen,a_sheereen.yaml,person
chateau70,chateau70.yaml,person
GabrielCalamar,GabrielCalamar.yaml,person
av_mx,av_mx.yaml,person
1andrescaggiano,1andrescaggiano.yaml,person
Net_Giants,Net_Giants.yaml,person
Boban68406440,Boban68406440.yaml,person
md_wentrejo,md_wentrejo.yaml,person
FranEDLP18,FranEDLP18.yaml,person
reach4shashank,reach4shashank.yaml,person
Marcos17059603,Marcos17059603.yaml,person
lanayelly4t,lanayelly4t.yaml,person
Eurasian_talk,Eurasian_talk.yaml,person
efignav,efignav.yaml,person
Sinaution,Sinaution.yaml,person
AbejaBlanca1303,AbejaBlanca1303.yaml,person
JimhuyC,JimhuyC.yaml,person
anya4yoga,anya4yoga.yaml,person
JozefMarinsek,JozefMarinsek.yaml,person
NaemeeO,NaemeeO.yaml,person
Ana24869862,Ana24869862.yaml,person
Robert_Quin646,Robert_Quin646.yaml,person
HugoMarquezper1,HugoMarquezper1.yaml,person
KevinRolda7,KevinRolda7.yaml,person
OfficialAWS,OfficialAWS.yaml,person
bobswede,bobswede.yaml,person
finepelf,finepelf.yaml,person
notfarmerwife,notfarmerwife.yaml,person
BievesS,BievesS.yaml,person
mukundan_sanjay,mukundan_sanjay.yaml,person
RomanaSustar,RomanaSustar.yaml,person
CarlosDPicos,CarlosDPicos.yaml,person
11Saide,11Saide.yaml,person
lawhiteangel,lawhiteangel.yaml,person
mercachifle2021,mercachifle2021.yaml,person
RicardoAlexisV8,RicardoAlexisV8.yaml,person
brant_sebastian,brant_sebastian.yaml,person
lauraponcecrowe,lauraponcecrowe.yaml,person
KarlaVillar07,KarlaVillar07.yaml,person
357533stz,357533stz.yaml,person
LubosBaran1,LubosBaran1.yaml,person
rempe_a,rempe_a.yaml,person
drluis33,drluis33.yaml,person
neusatzy,neusatzy.yaml,person
valdes_eros,valdes_eros.yaml,person
docter_pgj,docter_pgj.yaml,person
bolettieriok,bolettieriok.yaml,person
pelosi_marcela,pelosi_marcela.yaml,person
TihTri,TihTri.yaml,person
Sarah_AubreyLee,Sarah_AubreyLee.yaml,person
vskfromrussia,vskfromrussia.yaml,person
kuheuter,kuheuter.yaml,person
PietroDelPrete7,PietroDelPrete7.yaml,person
Dallendeiriart,Dallendeiriart.yaml,person
ErikaOSanoja,ErikaOSanoja.yaml,person
Max_Barbetti,Max_Barbetti.yaml,person
maybel65,maybel65.yaml,person
RoxanneMSmith1,RoxanneMSmith1.yaml,person
GiussepeOPG,GiussepeOPG.yaml,person
9xKf4nro6Zcz0Xb,9xKf4nro6Zcz0Xb.yaml,person
ivonneojeda_,ivonneojeda_.yaml,person
Luiscarproldan1,Luiscarproldan1.yaml,person
DPricing,DPricing.yaml,person
CanadianGermany,CanadianGermany.yaml,person
zeljkovidakovic,zeljkovidakovic.yaml,person
KelvinM36943033,KelvinM36943033.yaml,person
AASIB_ONG,AASIB_ONG.yaml,person
zielonapapuga,zielonapapuga.yaml,person
RedThreadTech,RedThreadTech.yaml,person
ADelgersaikhan,ADelgersaikhan.yaml,person
antizionism2021,antizionism2021.yaml,person
nERICgatro2,nERICgatro2.yaml,person
medena007,medena007.yaml,person
Wolfie885,Wolfie885.yaml,person
prasetycio,prasetycio.yaml,person
tkanonnikoff,tkanonnikoff.yaml,person
Giannhs_pappas,Giannhs_pappas.yaml,person
AbkTomas,AbkTomas.yaml,person
2727Marusya,2727Marusya.yaml,person
naveenthacker,naveenthacker.yaml,person
Sale13eau,Sale13eau.yaml,person
neuquino21,neuquino21.yaml,person
julianhanggara,julianhanggara.yaml,person
serdelru,serdelru.yaml,person
rusallapiy,rusallapiy.yaml,person
airammedical1,airammedical1.yaml,person
profeliascruz,profeliascruz.yaml,person
Arthur560302,Arthur560302.yaml,person
Angel24629683,Angel24629683.yaml,person
miguel_af_,miguel_af_.yaml,person
sovboot,sovboot.yaml,person
ChantalGhislain,ChantalGhislain.yaml,person
williansmera,williansmera.yaml,person
fordeborah5,fordeborah5.yaml,person
r0xys,r0xys.yaml,person
evitajauretche,evitajauretche.yaml,person
sergesca,sergesca.yaml,person
aitoralvasuarez,aitoralvasuarez.yaml,person
WilTorres40,WilTorres40.yaml,person
DrVoodoo8,DrVoodoo8.yaml,person
ceciliamarok,ceciliamarok.yaml,person
edgarromerog,edgarromerog.yaml,person
conspirator0,conspirator0.yaml,person
p_s_1973,p_s_1973.yaml,person
phal1,phal1.yaml,person
felipeandrez,felipeandrez.yaml,person
DougIlano,DougIlano.yaml,person
sxitoot,sxitoot.yaml,person
DavidMBBell,DavidMBBell.yaml,person
KICK_BACKv,KICK_BACKv.yaml,person
Mont_Jiang,Mont_Jiang.yaml,person
silentd78909988,silentd78909988.yaml,person
ElisaAliatta,ElisaAliatta.yaml,person
MSlavetski,MSlavetski.yaml,person
JoseMoralesRo14,JoseMoralesRo14.yaml,person
joopoesu,joopoesu.yaml,person
PepeRevueltas1,PepeRevueltas1.yaml,person
AlmanzaOrpinel,AlmanzaOrpinel.yaml,person
AseedahS,AseedahS.yaml,person
aVg,aVg.yaml,person
Sunnipulse786,Sunnipulse786.yaml,person
ale66787864,ale66787864.yaml,person
ExeOps,ExeOps.yaml,person
RusEmbJakarta,RusEmbJakarta.yaml,person
Javierbernal341,Javierbernal341.yaml,person
frick_mind,frick_mind.yaml,person
Semyaza666,Semyaza666.yaml,person
FromSevastopol,FromSevastopol.yaml,person
johnjoechad,johnjoechad.yaml,person
miguelgarsan23,miguelgarsan23.yaml,person
erjadiaz,erjadiaz.yaml,person
facu_castillo25,facu_castillo25.yaml,person
GOPALSATISHKUMA,GOPALSATISHKUMA.yaml,person
sgroi_alexandre,sgroi_alexandre.yaml,person
ARKarakullukcu,ARKarakullukcu.yaml,person
Silvia__Cuc,Silvia__Cuc.yaml,person
Skeeve703,Skeeve703.yaml,person
shmakov_ivan,shmakov_ivan.yaml,person
os241299,os241299.yaml,person
ElRucioDos,ElRucioDos.yaml,person
capovaldez13,capovaldez13.yaml,person
Kromvell_stv,Kromvell_stv.yaml,person
arturrr_,arturrr_.yaml,person
GoVocalForLocal,GoVocalForLocal.yaml,person
pedritobis,pedritobis.yaml,person
PaulaFo06076040,PaulaFo06076040.yaml,person
77nataliasf,77nataliasf.yaml,person
RA97,RA97.yaml,person
Blitz97413732,Blitz97413732.yaml,person
drckamaraj,drckamaraj.yaml,person
DoganKarabuluTV,DoganKarabuluTV.yaml,person
ideadestra_,ideadestra_.yaml,person
Furfuroll,Furfuroll.yaml,person
GwynneThomson,GwynneThomson.yaml,person
Anteportas7,Anteportas7.yaml,person
Boyrussiano,Boyrussiano.yaml,person
CTrekur,CTrekur.yaml,person
patricia_rolon,patricia_rolon.yaml,person
sharpfang,sharpfang.yaml,person
lBanjl,lBanjl.yaml,person
Marine_Osipova,Marine_Osipova.yaml,person
NikeSkywalker,NikeSkywalker.yaml,person
fhcluk,fhcluk.yaml,person
jeanklare,jeanklare.yaml,person
Eve05194214,Eve05194214.yaml,person
angmago9,angmago9.yaml,person
zoranium,zoranium.yaml,person
jonabed_alvarez,jonabed_alvarez.yaml,person
TheZeeshanAyyaz,TheZeeshanAyyaz.yaml,person
elis_yen,elis_yen.yaml,person
ademir_herrmann,ademir_herrmann.yaml,person
Andysimplement1,Andysimplement1.yaml,person
lenina_1917,lenina_1917.yaml,person
DrHarunYilmaz,DrHarunYilmaz.yaml,person
AlanMizrahi,AlanMizrahi.yaml,person
Paquita_337,Paquita_337.yaml,person
SADAABTDA10,SADAABTDA10.yaml,person
robertoyg,robertoyg.yaml,person
machupoume,machupoume.yaml,person
AHMED_SAAD2005,AHMED_SAAD2005.yaml,person
UnmeshDr,UnmeshDr.yaml,person
mjrita2,mjrita2.yaml,person
Akhandaloka,Akhandaloka.yaml,person
N2Sebastian,N2Sebastian.yaml,person
LokeshV98811381,LokeshV98811381.yaml,person
gricalc,gricalc.yaml,person
ASmirnovRU,ASmirnovRU.yaml,person
larrylo,larrylo.yaml,person
CHAMASKEIN,CHAMASKEIN.yaml,person
JacoboEnMty,JacoboEnMty.yaml,person
Andrey_Sobotayk,Andrey_Sobotayk.yaml,person
MaxErken,MaxErken.yaml,person
gilabert98,gilabert98.yaml,person
